hole,path_configuration_id,tee_to_target,distance_m,distance_ft,par,score_avg,score_diff_to_par,play_count,std_dev_score
"1","fg4yyyvsvenm88mrvtab98kn","PÄÄ → Pitkä",125,410,4,3.72,"-0.28",29,0.8668831096535541
"2","jdp8rjcuuyvj1vyebomz6l2d","PÄÄ → Pitkä",103,338,3,3.79,"0.79",29,0.549564739672732
"3","hsszgym8s0j5708ro3wqv5wr","PÄÄ → Pitkä",72,236,3,3.17,"0.17",29,0.5912561448097327
"4","t3kid95b47di4x4i5mme2xhf","PÄÄ → Pitkä",57,189,3,3.45,"0.45",29,0.8938952687459117
"5","ef8rm0149iliki2mrbcshoz2","PÄÄ → Pitkä",94,308,3,3.24,"0.24",29,0.7725985000830371
"6","dyfumz6ex1agyhe6bwuw9xsa","PÄÄ → Pitkä",96,315,3,3.59,"0.59",29,0.7200211385455553
"7","ibixbfgszrhwh32ojqe0wduz","PÄÄ → Pitkä",103,336,3,3.46,"0.46",26,0.8871201995900613
"8","h2uyw4y8p5hsipbczt3xvl0b","PÄÄ → Pitkä",80,264,3,3.19,"0.19",26,0.7348066605593385
"9","f15ntus8o6zs9can0plfs1vp","PÄÄ → Pitkä",116,381,4,4.27,"0.27",26,0.8113470426818841
"10","vmutjqjw559xudebxgbei549","PÄÄ → Pitkä",85,279,3,3.73,"0.73",26,0.6538461538461537
"11","y03k03e09dr1lfva2mxc62py","PÄÄ → Pitkä",197,646,5,5.85,"0.85",26,1.2307692307692306
"12","tuxk33eg8lysxr3elmnh0yfu","PÄÄ → Pitkä",120,394,4,3.77,"-0.23",26,0.6965680875490321
